% [START_TIME - END_TIME],TURN_NAME,EMOTION,"[V, A, D]"
[3.6700 - 6.5700],Ses05M_impro06_F000,xxx,"[2.0000, 2.0000, 1.5000]"
[15.2600 - 17.1900],Ses05M_impro06_F001,xxx,"[2.0000, 3.0000, 1.5000]"
[25.3800 - 28.0200],Ses05M_impro06_F002,sad,"[2.0000, 2.5000, 1.5000]"
[33.1700 - 34.8800],Ses05M_impro06_F003,sad,"[2.0000, 3.0000, 1.5000]"
[64.2500 - 65.9400],Ses05M_impro06_F004,sad,"[2.5000, 2.0000, 2.0000]"
[89.5600 - 91.5800],Ses05M_impro06_F005,sad,"[2.0000, 2.0000, 2.0000]"
[116.6200 - 118.7400],Ses05M_impro06_F006,sad,"[2.0000, 2.5000, 1.5000]"
[147.8100 - 149.7900],Ses05M_impro06_F007,sad,"[2.0000, 2.5000, 1.5000]"
[169.9892 - 177.1000],Ses05M_impro06_F008,sad,"[2.0000, 3.0000, 2.5000]"
[188.8700 - 193.3500],Ses05M_impro06_F009,sad,"[2.0000, 2.0000, 2.5000]"
[197.8800 - 201.0100],Ses05M_impro06_F010,sad,"[2.0000, 3.0000, 2.5000]"
[10.9000 - 14.8600],Ses05M_impro06_M000,sad,"[2.0000, 2.0000, 2.0000]"
[19.9600 - 25.5800],Ses05M_impro06_M001,sad,"[2.0000, 2.0000, 2.0000]"
[27.4600 - 33.6700],Ses05M_impro06_M002,sad,"[1.5000, 2.0000, 2.0000]"
[34.3600 - 45.1000],Ses05M_impro06_M003,sad,"[1.5000, 2.0000, 2.0000]"
[45.1100 - 58.4800],Ses05M_impro06_M004,sad,"[1.5000, 2.5000, 2.5000]"
[58.6900 - 65.6800],Ses05M_impro06_M005,sad,"[1.5000, 3.0000, 2.5000]"
[65.7000 - 75.5700],Ses05M_impro06_M006,sad,"[2.0000, 3.5000, 2.5000]"
[75.5800 - 81.5100],Ses05M_impro06_M007,sad,"[2.0000, 3.0000, 2.5000]"
[81.5200 - 89.9600],Ses05M_impro06_M008,sad,"[1.5000, 3.0000, 2.0000]"
[91.9800 - 99.6100],Ses05M_impro06_M009,sad,"[1.5000, 3.0000, 2.0000]"
[101.0100 - 114.7500],Ses05M_impro06_M010,sad,"[1.5000, 3.0000, 2.5000]"
[116.5400 - 128.9700],Ses05M_impro06_M011,sad,"[1.5000, 3.0000, 2.0000]"
[129.1900 - 136.1500],Ses05M_impro06_M012,sad,"[1.5000, 3.0000, 2.0000]"
[137.1500 - 147.2300],Ses05M_impro06_M013,sad,"[1.0000, 3.5000, 2.5000]"
[148.2300 - 155.7751],Ses05M_impro06_M014,sad,"[1.5000, 3.0000, 2.5000]"
[155.7851 - 165.2100],Ses05M_impro06_M015,xxx,"[1.5000, 3.0000, 3.5000]"
[165.2200 - 170.8900],Ses05M_impro06_M016,xxx,"[1.5000, 3.0000, 3.0000]"
[176.5500 - 179.9800],Ses05M_impro06_M017,sad,"[2.0000, 2.5000, 2.0000]"
[180.7300 - 191.4300],Ses05M_impro06_M018,sad,"[2.0000, 3.0000, 2.5000]"
[194.8000 - 197.3500],Ses05M_impro06_M019,sad,"[1.5000, 2.0000, 2.0000]"
[200.9700 - 203.1100],Ses05M_impro06_M020,sad,"[1.5000, 2.5000, 1.5000]"
